{
  "schema": "Axiom-ZSpace Existing Planet Card v1.0",
  "zspace_id": "ZS-T-55652896-01",
  "timestamp_utc": "2026-05-01T09:46:37.562013+00:00",
  "status": "KNOWN",
  "match_source": "TOI",
  "match_summary": {
    "planet_name": "216.02",
    "period_delta_days": 0.08975088,
    "tolerance_days": 0.01,
    "proof": "|P_candidate - P_archive| = 0.08975088 d \u2264 0.01 d \u2192 MATCH"
  },
  "candidate_parameters": {
    "tic_id": "55652896",
    "period_days": 5.706597589342356,
    "transit_depth_ppm": 4861.89,
    "planet_radius_earth": 6.097676871303026,
    "stellar_mass_solar": 0.84,
    "stellar_radius_solar": 0.801736,
    "stellar_teff_k": 5025.77,
    "cvs_score": 0.8315468114425487,
    "cvs_verdict": "PLANET CANDIDATE"
  },
  "archive_parameters": {
    "planet_name": "216.02",
    "period_days_archive": 17.3890454,
    "transit_depth_archive": 2971.7532268,
    "planet_radius_earth": 6.4840125,
    "semi_major_axis_au": null,
    "stellar_teff_k": 5025.77,
    "stellar_radius_solar": 0.801736,
    "stellar_mass_solar": null,
    "discovery_method": "Transit (TESS)",
    "disposition": "CP",
    "extra_fields": {
      "tmag": 11.5748,
      "period_alias_factor": 0.3333333333333333
    }
  },
  "parameter_deltas": {
    "period_delta_days": 0.08975088,
    "period_delta_pct": -67.1828,
    "depth_delta_ppm": -2971748364.91,
    "radius_delta_pct": -5.9583
  },
  "all_archive_entries_for_tic": [],
  "all_toi_entries_for_tic": [
    {
      "toi": "216.01",
      "tid": 55652896,
      "pl_orbper": 34.5059318,
      "pl_trandep": 17387.9834231,
      "pl_trandurh": 3.8206653,
      "tfopwg_disp": "CP",
      "ra": 73.980013,
      "dec": -63.26033,
      "st_tmag": 11.5748,
      "st_teff": 5025.77,
      "st_logg": 4.66348,
      "st_rad": 0.801736,
      "pl_rade": 10.4625162
    },
    {
      "toi": "216.02",
      "tid": 55652896,
      "pl_orbper": 17.3890454,
      "pl_trandep": 2971.7532268,
      "pl_trandurh": 2.6516541,
      "tfopwg_disp": "CP",
      "ra": 73.980013,
      "dec": -63.26033,
      "st_tmag": 11.5748,
      "st_teff": 5025.77,
      "st_logg": 4.66348,
      "st_rad": 0.801736,
      "pl_rade": 6.4840125
    }
  ]
}