{
  "schema": "Axiom-ZSpace Existing Planet Card v1.0",
  "zspace_id": "ZS-T-207425167-01",
  "timestamp_utc": "2026-04-28T05:41:52.394478+00:00",
  "status": "KNOWN",
  "match_source": "TOI",
  "match_summary": {
    "planet_name": "1812.02",
    "period_delta_days": 0.55430816,
    "tolerance_days": 0.01,
    "proof": "|P_candidate - P_archive| = 0.55430816 d \u2264 0.01 d \u2192 MATCH"
  },
  "candidate_parameters": {
    "tic_id": "207425167",
    "period_days": 11.055510036870135,
    "transit_depth_ppm": 6361.49,
    "planet_radius_earth": 6.4264839731220915,
    "stellar_mass_solar": 0.84,
    "stellar_radius_solar": 0.738692,
    "stellar_teff_k": 5059.36,
    "cvs_score": 0.9038895127108751,
    "cvs_verdict": "PLANET CANDIDATE"
  },
  "archive_parameters": {
    "planet_name": "1812.02",
    "period_days_archive": 11.6098182,
    "transit_depth_archive": 1391.5795455,
    "planet_radius_earth": 2.7371461,
    "semi_major_axis_au": null,
    "stellar_teff_k": 5059.36,
    "stellar_radius_solar": 0.738692,
    "stellar_mass_solar": null,
    "discovery_method": "Transit (TESS)",
    "disposition": "PC",
    "extra_fields": {
      "tmag": 11.6463,
      "period_alias_factor": 1.0
    }
  },
  "parameter_deltas": {
    "period_delta_days": 0.55430816,
    "period_delta_pct": -4.7745,
    "depth_delta_ppm": -1391573184.01,
    "radius_delta_pct": 134.7878
  },
  "all_archive_entries_for_tic": [],
  "all_toi_entries_for_tic": [
    {
      "toi": "1812.01",
      "tid": 207425167,
      "pl_orbper": 0.0,
      "pl_trandep": 9219.8978429,
      "pl_trandurh": 7.3027567,
      "tfopwg_disp": "PC",
      "ra": 242.747885,
      "dec": 58.294553,
      "st_tmag": 11.6463,
      "st_teff": 5059.36,
      "st_logg": 4.62542,
      "st_rad": 0.738692,
      "pl_rade": 7.0430812
    },
    {
      "toi": "1812.02",
      "tid": 207425167,
      "pl_orbper": 11.6098182,
      "pl_trandep": 1391.5795455,
      "pl_trandurh": 3.5623705,
      "tfopwg_disp": "PC",
      "ra": 242.747885,
      "dec": 58.294553,
      "st_tmag": 11.6463,
      "st_teff": 5059.36,
      "st_logg": 4.62542,
      "st_rad": 0.738692,
      "pl_rade": 2.7371461
    },
    {
      "toi": "1812.03",
      "tid": 207425167,
      "pl_orbper": 48.3320223,
      "pl_trandep": 4780.0505501,
      "pl_trandurh": 5.3736904,
      "tfopwg_disp": "PC",
      "ra": 242.747885,
      "dec": 58.294553,
      "st_tmag": 11.6463,
      "st_teff": 5059.36,
      "st_logg": 4.62542,
      "st_rad": 0.738692,
      "pl_rade": 5.0923959
    }
  ]
}